Player,Pos,MP,3P,2P,2PA,FT,FTA,ORB,DRB,AST,STL,BLK,TOV,PF,PTS,FantasyPoints
Precious Achiuwa,PF,15,0,1.25,-0.9675,0.7,-1,3.5,5.4,1.4,1.2,1.8,-2.5,-2.85,6.4,14.3325
Jaylen Adams,PG,3.2,0,0.1,-0.27,0,0,0,1.2,0.8,0,0,0,-0.3,0.4,1.93
Steven Adams,C,29.4,0,1.8,-1.35,0.55,-0.96,10.75,10,4.8,3,1.8,-4.5,-3,8.3,31.19
Bam Adebayo,C,33.3,0.05,3.5,-2.7675,2.7,-2.56,4.75,14.8,10.4,3,3,-7.75,-3.9,19.7,44.9225
LaMarcus Aldridge,C,26.7,0.65,2.3,-1.98,0.45,-0.48,2,7,3.8,1.2,2.7,-2.25,-2.25,14.1,27.24
Ty-Shon Alexander,SG,2.7,0,0,-0.1575,0,0,0,0.6,0.6,0,0,0,-0.45,0,0.5925
Nickeil Alexander-Walker,SG,20.4,0.55,1.2,-1.0575,0.6,-0.6,0.5,5.2,4.2,3.6,1.2,-3.5,-2.7,9.2,18.3925
Grayson Allen,SG,22,0.95,0.35,-0.405,1,-0.92,1.25,4.8,3.8,3,0.6,-2.75,-1.8,8.9,18.775
Jarrett Allen,C,26.1,0,2.05,-1.3725,1.7,-1.76,7,12,3.2,1.2,5.1,-3.5,-2.4,11.8,35.0175
Jarrett Allen,C,26.7,0,1.85,-1.215,1.9,-2.04,8,14.6,3.4,1.8,4.8,-4.5,-2.7,11.2,37.095
Jarrett Allen,C,25.6,0.05,2.25,-1.53,1.55,-1.52,6.25,9.8,3,0.9,5.4,-2.5,-2.25,12.4,33.8
Al-Farouq Aminu,PF,5,0,0,0,0,-0.8,0,2,2,0,0,-2.5,0,0,0.7
Kyle Anderson,PF,28.2,0.85,1.65,-1.44,0.95,-0.96,2.5,10.8,7.6,2.1,2.4,-4,-2.55,13.4,33.3
Giannis Antetokounmpo,PF,33.1,0.55,4.55,-3.195,3.25,-4.08,4.25,18.8,11,3,3.6,-9,-4.5,28.1,56.325
Kostas Antetokounmpo,PF,8,0,0,-0.45,0,0,0,8,0,0,6,-5,-1.5,0,7.05
Thanasis Antetokounmpo,SF,9.3,0.05,0.45,-0.27,0.15,-0.16,2,2.2,1.8,0.9,0.6,-2.25,-2.4,2.5,5.57
Carmelo Anthony,PF,25.4,0.85,1.35,-1.575,1.25,-1.16,1,6,2.4,2.4,2.4,-2.25,-3,13,22.665
Cole Anthony,PG,26.7,0.55,1.5,-1.665,0.9,-0.88,2,7.2,7.6,2.1,1.2,-5,-3,11,23.505
OG Anunoby,SF,34.8,1.25,1.3,-1.0575,1.05,-1.12,4,8.4,3.2,6.3,1.5,-4.5,-4.35,14.6,30.5725
Ryan Arcidiacono,PG,11.4,0.4,0.15,-0.2025,0.25,-0.24,0.25,4,3.6,1.2,0,-0.75,-1.65,3.3,10.3075
D.J. Augustin,PG,17.2,0.65,0.25,-0.4275,0.55,-0.44,1,1.6,5.4,1.5,0,-2.25,-0.9,6,12.9325
Deni Avdija,SF,22.9,0.65,0.7,-0.585,0.2,-0.28,1.25,8.2,3.6,2.7,0.6,-1.75,-3.9,7,18.385
Deandre Ayton,C,32.3,0.05,3,-2.2725,0.9,-0.96,9.75,17.4,3.8,0.9,3.3,-5.5,-5.1,14.1,39.3675
Udoka Azubuike,C,4.1,0,0.15,-0.135,0.15,-0.2,0.75,1.6,0,0.3,0.9,-0.75,-1.05,1,2.715
Dwayne Bacon,SG,24.3,0.5,1.45,-1.575,0.65,-0.68,1,5.4,2,2.1,0.3,-1.75,-2.55,10.2,17.045
Marvin Bagley III,PF,25.1,0.5,2,-1.7775,0.7,-1.12,5.25,10.6,1.8,1.5,1.5,-3.75,-3.9,12.5,25.8025
LaMelo Ball,PG,27,0.9,1.75,-1.5975,1,-1.04,3.75,8.6,12.2,4.2,0.9,-6.25,-3.75,14.3,34.9625
Lonzo Ball,PG,30.7,1.4,1.2,-1.08,0.4,-0.44,1.5,7.6,9.4,3.9,1.5,-5,-3.45,13.9,30.83
Mo Bamba,C,6.6,0.15,1,-0.6075,0.15,-0.2,2.75,3.8,0.8,0.3,1.8,-0.75,-1.8,5.2,12.5925
Desmond Bane,SG,22.8,1.05,0.85,-0.7875,0.35,-0.36,1.25,4.4,3.2,2.1,0.6,-3,-2.85,10.3,17.1025
Harrison Barnes,PF,35.8,0.9,1.9,-1.575,1.9,-1.76,3,10.6,7,2.4,0.6,-3.5,-1.8,16.7,36.365
RJ Barrett,SG,34.8,0.5,2.75,-2.565,1.5,-1.64,3,10.4,6,2.1,0.6,-5,-3.75,17,30.895
Will Barton,SF,29.5,0.8,1.4,-1.3725,0.7,-0.72,1.25,6.4,6.2,2.4,1.5,-3.75,-2.85,11.7,23.6575
Keita Bates-Diop,SF,2.7,0,0,-0.1575,0.15,-0.12,0.25,0.2,0.6,0.3,0,0,0,0.3,1.5225
Nicolas Batum,SF,29.8,1.1,0.65,-0.5175,0.5,-0.44,2.5,8,4.8,3.9,0.9,-1.75,-2.7,10.1,27.0425
Aron Baynes,C,18.7,0.25,0.95,-0.8325,0.15,-0.12,3.5,8,2,0.9,0.9,-2,-3.75,5.6,15.5475
Kent Bazemore,SF,15.4,0.45,0.65,-0.5175,0.4,-0.4,1.25,5,3.2,2.4,1.5,-2.5,-3.3,6,14.1325
Darius Bazley,PF,31,0.7,1.5,-1.395,0.8,-0.88,1.5,14,3.2,1.2,2.4,-4.75,-1.65,11.9,28.525
Bradley Beal,SG,35.3,1.25,4.5,-3.8475,3.7,-3.32,3.75,7,9,3.9,1.8,-7.5,-3.9,32.8,49.1325
Malik Beasley,SG,32,1.6,2.2,-1.9125,1.2,-1.12,2.5,8.4,5,2.4,0.6,-3.75,-2.4,20.6,35.3175
Jordan Bell,C,16.7,0,0.85,-0.9675,0,0,4.25,7.4,3.4,0.9,3,-2.5,-1.95,3.3,17.6825
DeAndre' Bembry,SF,13,0.2,0.6,-0.4275,0.1,-0.08,1.25,2.2,3.2,1.8,0.9,-1.5,-1.8,3.8,10.2425
DÄvis BertÄns,PF,25.1,1.3,0.2,-0.225,0.75,-0.76,1,4.6,1.8,2.1,0.9,-1.75,-3.75,10.3,16.465
Patrick Beverley,PG,25.2,0.85,0.45,-0.495,0.55,-0.56,3,6.4,4.2,2.7,2.4,-1.75,-5.25,7.9,20.395
Saddiq Bey,SF,18.8,0.85,0.4,-0.495,0.65,-0.68,0.75,5.6,1.4,1.2,0,-1.75,-1.95,7.9,13.875
Tyler Bey,SF,3.3,0,0.25,-0.2925,0.25,-0.4,1.25,0.6,0,0,0.9,0,-0.75,1.5,3.3075
Khem Birch,C,21.3,0.05,1.2,-1.0125,0.9,-0.92,7,6.6,2.6,2.1,2.1,-1.5,-2.55,6.8,23.3675
Goga Bitadze,C,10.2,0.1,0.85,-0.495,0.4,-0.4,2,3.4,0.6,0.9,3.6,-0.75,-2.7,4.6,12.105
Bismack Biyombo,C,22.3,0,1.3,-1.0125,0.4,-0.72,5.75,7.4,2.6,0.9,3.6,-2.25,-3.45,6,20.5175
Nemanja Bjelica,PF,15.1,0.25,0.8,-0.675,0.95,-0.92,2.5,5.2,3.8,0,0.6,-3,-3,6.6,13.105
Eric Bledsoe,SG,29.1,1.1,1.3,-1.2375,0.65,-0.8,1.25,6,7.4,2.1,0.9,-4.75,-2.25,13.2,24.8625
Keljin Blevins,SF,4.8,0,0.05,-0.18,0,0,0,0,1,0.9,0,-1,-0.75,0.3,0.32
Bogdan BogdanoviÄ‡,SG,23.7,1.15,0.5,-0.495,0.45,-0.4,0.5,7.2,4.2,1.2,0.3,-3,-3,9.9,18.505
Bojan BogdanoviÄ‡,SF,30.8,1.4,1.2,-1.215,1.35,-1.24,1.25,7,4.4,1.2,0,-3.5,-2.25,15.9,25.495
Bol Bol,PF,5.4,0.1,0.2,-0.18,0.05,-0.08,0,1.6,0.4,0.3,0.9,-1,-0.9,1.4,2.79
Marques Bolden,C,4.8,0,0.1,-0.1125,0.4,-0.52,1.25,1,0,0.9,0.9,-0.75,0,1.2,4.3675
Jordan Bone,PG,14,0.35,0.45,-0.36,0,0,0.75,2.8,2.6,0.3,0,-0.5,-1.2,4,9.19
Isaac Bonga,SF,14,0.3,0.15,-0.18,0.05,-0.08,1.25,3.8,1.2,0.9,0.9,-1,-2.4,2.4,7.29
Devin Booker,SG,35.3,1.1,3.25,-2.7,2.2,-2.12,0.5,7,8.4,3,1.2,-9.75,-4.95,23.8,30.93
Chris Boucher,C,23.3,0.8,1.65,-1.26,1.25,-1.36,5,9.8,2,1.5,6,-1.75,-4.05,13.8,33.38
Brian Bowen,SF,5,0,0.5,-0.45,0.5,-0.4,0,2,0,0,0,0,0,3,5.15
Avery Bradley,SG,21.1,0.8,0.75,-0.63,0.35,-0.36,0.5,3.2,2.8,2.1,0.3,-2.25,-3.9,8.5,12.16
Tony Bradley,C,12.8,0,1,-0.855,0.15,-0.24,5.75,6.4,1.4,0.9,2.1,-0.25,-1.8,4.3,18.855
Jarrell Brantley,PF,3,0.25,0,-0.0675,0,0,0.5,0.6,0,0,0.6,-0.5,-1.05,1.5,1.8325
Ignas Brazdeikis,SF,1.8,0,0,-0.0675,0.25,-0.2,0.75,0.6,0.6,0,0,-0.75,0,0.5,1.6825
Mikal Bridges,SF,33.6,1,1.6,-1.1925,1,-1,3.75,8,4.4,1.8,3,-2,-3,14.5,31.8575
Miles Bridges,PF,26.2,0.65,1.25,-1.035,0.5,-0.44,3,8.8,4,2.1,2.4,-4.25,-3.45,10,23.525
Malcolm Brogdon,PG,35.7,1.3,2.7,-2.5875,1.3,-1.16,1.5,7.4,13,3.9,0.6,-5,-2.7,21.3,41.5525
Dillon Brooks,SF,29.1,1,2.05,-2.07,0.8,-0.84,3.25,4.6,5.6,3.9,1.5,-5.5,-4.5,15.6,25.39
Bruce Brown,PG,18.5,0.1,1.25,-0.8325,0.35,-0.4,3,6.6,2,1.8,0.9,-2.25,-2.85,6.2,15.8675
Jaylen Brown,SG,33.2,1.2,3.75,-3.0375,1.9,-1.96,3,8.8,7.4,3.9,1.8,-6.5,-4.35,26,41.9025
Moses Brown,C,4.4,0,0.5,-0.315,0.5,-0.8,1.5,3.2,0.8,0.3,1.8,-0.25,-0.9,3,9.335
Sterling Brown,SG,20.8,0.75,0.65,-0.54,0.15,-0.12,2,6,3.6,3,0.6,-1.5,-2.85,7.4,19.14
Troy Brown Jr.,SF,16.2,0.4,0.45,-0.4725,0.25,-0.36,1.75,5.4,2.2,0.6,0.6,-1.75,-2.85,4.7,10.9175
Jalen Brunson,PG,23.7,0.55,1.6,-1.2375,1,-0.88,0.5,5.8,7,1.2,0,-3.25,-2.25,11.6,21.6325
Thomas Bryant,C,27.1,0.45,2.5,-1.575,0.8,-0.96,4.5,8.6,3,1.2,2.4,-2.75,-4.65,14.3,27.815
Reggie Bullock,SF,27.1,0.9,0.75,-0.7425,0.25,-0.28,0.75,6.6,2.6,2.4,0.6,-2,-3.6,8.9,17.1275
Trey Burke,PG,18,0.7,0.85,-0.7875,0.45,-0.44,0.5,2,3.2,2.4,0.3,-1.5,-2.4,8.4,13.6725
Alec Burks,SG,26.1,1.2,0.95,-1.08,1.2,-1.16,1.5,7.8,4.6,2.7,1.2,-3,-3.15,13.1,25.86
Jimmy Butler,SF,32.1,0.1,2.9,-2.7225,3.75,-3.44,4,11,14.2,5.4,1.5,-4.75,-1.35,19.5,50.0875
Bruno Caboclo,PF,6,0,0.65,-0.45,0.1,-0.12,1.25,3.6,0.4,0,0.9,-1.75,-1.5,2.8,5.88
Devontae Cacok,PF,2,0,0.5,-0.225,0,0,0,0,0,0,0,0,0,2,2.275
Kentavious Caldwell-Pope,SG,25.3,0.8,0.75,-0.6975,0.5,-0.44,0.75,4,2.8,2.1,0.9,-2.25,-2.55,8.9,15.5625
Facundo Campazzo,PG,12,0.4,0.15,-0.225,0.3,-0.32,0.25,1.2,3.4,2.4,0.3,-1.75,-2.7,3.7,7.105
Vlatko ÄŒanÄar,PF,3,0,0,-0.0675,0,0,0.5,1,0,0.9,0.6,-0.5,-0.3,0,2.1325
Clint Capela,C,29.2,0,2.9,-2.3625,0.85,-1.28,11.75,19,2,2.4,6.9,-3.75,-3.45,13.3,48.2575
Vernon Carey Jr.,C,2,0,0.15,-0.1575,0.15,-0.28,1.75,0.6,0.6,0,0.9,0,0,1,4.7125
Jevon Carter,PG,12,0.35,0.25,-0.2475,0.05,-0.04,0.25,2.6,2.2,1.5,0.9,-0.5,-1.95,3.1,8.4625
Wendell Carter Jr.,C,26.9,0.15,2.2,-1.71,1.6,-1.76,6,11.2,4.8,1.8,1.8,-4.75,-4.65,12.8,29.48
Michael Carter-Williams,SG,22.9,0.05,1,-1.035,0.35,-0.36,5.25,6,3.4,1.8,1.8,-3.25,-4.05,5.1,16.055
Alex Caruso,PG,18.6,0.55,0.5,-0.5175,0.2,-0.16,1.5,3.6,4.2,3,0.6,-3.25,-2.25,5.5,13.4725
Willie Cauley-Stein,C,17.7,0,1.2,-0.8325,0.55,-0.72,3.25,6.8,1.6,0.9,2.1,-1.5,-3.75,6,15.5975
Chris Chiozza,PG,9.1,0.25,0.3,-0.4725,0.4,-0.4,0.75,1.2,4.6,1.2,0.9,-1.75,-0.9,3.5,9.5775
Marquese Chriss,PF,13.5,0.25,1,-1.0125,0.5,-0.8,3.75,10,2,0,3,-2.5,-2.25,6.5,20.4375
Gary Clark,SF,20.7,0.4,0.15,-0.135,0.15,-0.12,2.75,4.6,1.8,0.9,0.6,-1.5,-1.65,3.2,11.145
Brandon Clarke,PF,28.4,0.25,2.65,-2.2275,0.55,-0.76,4.5,8.2,3.2,3.6,2.4,-1.5,-2.25,13.3,31.9125
Jordan Clarkson,SG,25.5,1.5,1.7,-1.35,0.75,-0.64,2.5,6.6,3.8,2.4,0.9,-4.5,-2.25,17.4,28.81
Amir Coffey,SG,5.7,0.15,0.2,-0.2025,0.05,-0.16,0.25,0.6,0.8,0.6,0,-0.5,-0.75,1.6,2.6375
John Collins,PF,31.9,0.75,2.9,-2.1375,1.2,-1.16,5.25,11.4,3.2,1.5,3,-3.5,-4.95,18.5,35.9525
Mike Conley,PG,29.3,1.4,1.45,-1.3275,1.15,-1.12,2.5,5.4,11.6,4.2,0.3,-5,-2.7,16.5,34.3525
Pat Connaughton,SG,17.8,0.65,0.35,-0.3375,0.1,-0.16,2.25,5.8,2.8,1.5,1.2,-0.5,-1.8,5.5,17.3525
Quinn Cook,PG,3.4,0.15,0.15,-0.1575,0.15,-0.16,0,0.6,0.6,0.3,0,-0.5,-0.15,1.8,2.7825
DeMarcus Cousins,C,19.5,0.75,0.75,-0.8325,0.85,-0.96,3.25,12.6,5,2.7,2.1,-4,-4.5,9.1,26.8075
Robert Covington,PF,31,0.8,0.5,-0.4725,0.35,-0.28,1.75,10.8,3.8,4.8,1.8,-2.75,-3.9,7.4,24.5975
Torrey Craig,SF,11.9,0.25,0.4,-0.315,0.05,-0.08,2,4.2,1.8,1.8,1.2,-0.75,-2.4,3.1,11.255
Jae Crowder,PF,27.7,1.15,0.5,-0.4725,0.65,-0.64,0.75,9.4,4.4,2.7,0.3,-2.25,-3.3,10.1,23.2875
Jarrett Culver,SG,21.2,0.25,1.35,-1.125,0.65,-0.84,4,6.8,1.8,2.1,1.2,-3.25,-3.6,8.1,17.435
Seth Curry,SG,27.8,1.1,1.2,-1.0575,0.8,-0.64,0.5,3.4,5.2,2.4,0.9,-3,-2.55,12.8,21.0525
Stephen Curry,PG,33.9,2.5,2.45,-1.98,2.55,-2.2,1.25,10,11.8,3.9,0.3,-8.25,-3,30,49.32
Anthony Davis,PF,33.6,0.4,3.95,-3.1275,2,-2.32,5,13.2,6.4,4.2,5.7,-5,-2.85,22.3,49.8525
Ed Davis,C,13.9,0,0.45,-0.5175,0.2,-0.16,5,6.2,2,1.5,1.5,-0.75,-3.9,2.3,13.8225
Terence Davis,SG,14.3,0.7,0.65,-0.585,0.25,-0.2,0.75,3,1.8,1.8,0.6,-2.5,-2.85,7.1,10.515
DeMar DeRozan,PF,33.7,0.35,3,-2.655,3.05,-2.76,1.75,8.6,13.4,2.1,0.9,-4.25,-2.7,20.2,40.985
Hamidou Diallo,SG,23.3,0.2,2.2,-1.755,1.4,-1.68,2.5,8.6,4.8,3,1.2,-3.5,-3.75,12.7,25.915
Gorgui Dieng,C,18.6,0.55,0.85,-0.675,0.7,-0.64,3.75,7.2,3,2.7,2.4,-3,-2.7,8.1,22.235
Spencer Dinwiddie,SG,21.3,0.35,0.65,-0.675,1,-0.8,0,8.6,6,2.1,0.9,-4.25,-1.95,6.7,18.625
Donte DiVincenzo,SG,25.8,0.95,0.85,-0.8775,0.25,-0.28,2.5,6.8,5.2,3.9,0.6,-3,-2.1,9.7,24.4925
Luka DonÄiÄ‡,PG,35.1,1.1,3.7,-3.0825,3.2,-3.24,2.25,15.6,18.6,3,2.1,-10.5,-3,27.8,57.5275
Luguentz Dort,SG,29,0.9,1.15,-1.0125,0.8,-0.84,1.75,5.4,2.8,2.7,0.9,-3.25,-3.9,11.7,19.0975
Damyean Dotson,SG,20.9,0.55,1,-0.7875,0.4,-0.44,0.25,3,4.6,1.5,0.3,-2,-1.5,8,14.8725
Devon Dotson,PG,10,0,1,-0.9,0,0,0,2,0,0,0,0,-1.5,4,4.6
Sekou Doumbouya,PF,13.1,0.2,0.55,-0.585,0.35,-0.4,1.5,3.6,1.2,1.2,0.3,-1.75,-2.25,4.1,8.015
PJ Dozier,SG,19.4,0.45,0.85,-0.765,0.55,-0.6,2.25,6.4,2.8,1.5,1.8,-2,-2.55,7.1,17.785
Goran DragiÄ‡,PG,26.5,0.8,1.8,-1.5525,1.1,-1.12,1,5.2,10.6,1.5,0.3,-7.5,-3.9,14.4,22.6275
Andre Drummond,C,29.4,0,3.7,-3.3975,1.55,-2.12,10.5,19.4,5.2,4.8,3.6,-8.25,-4.05,17.9,48.8325
Jared Dudley,PF,3.7,0.1,0,0,0,0,0.5,1.6,0.4,0,0,0,0,0.5,3.1
Kevin Durant,PF,35.9,1.35,3.65,-2.9025,3.4,-3.12,1,14.2,10.4,2.4,4.2,-8.75,-3.6,29.5,51.7275
Anthony Edwards,SG,27,0.9,1.7,-1.8,0.9,-0.88,1.75,5.2,4.4,2.4,0.9,-4,-2.25,13.9,23.12
Carsen Edwards,SG,11.4,0.4,0.65,-0.4725,0.25,-0.24,0.5,2,1,1.2,0.3,-0.5,-2.1,5.5,8.4875
CJ Elleby,SF,8.4,0.2,0.45,-0.225,0.3,-0.36,1,1.6,0.6,0.9,0.9,-0.5,-2.1,3.6,6.365
Wayne Ellington,SG,23.2,1.45,0.55,-0.4275,0.25,-0.28,1,3.4,2.2,1.2,0.6,-1.75,-1.95,11.4,17.6425
Joel Embiid,C,32.1,0.55,4.05,-3.15,4.85,-4.56,4.75,18,5.8,3.9,3.9,-8.5,-3.6,29.4,55.39
James Ennis,SF,22.1,0.45,0.8,-0.72,0.6,-0.56,2.75,5.4,2.4,2.7,0.9,-2.75,-3.45,7.1,15.62
Drew Eubanks,C,12.6,0,0.7,-0.8325,0.5,-0.52,1,5.6,0.8,0.3,4.8,-0.75,-1.5,3.9,13.9975
Dante Exum,SG,19.3,0.15,0.65,-0.5625,0.1,-0.12,0.75,5,4.4,2.1,0.9,-3,-2.25,3.8,11.9175
Tacko Fall,C,8.8,0,0.7,-0.495,0.2,-0.48,3,4.4,0,0,4.8,-0.5,-2.1,3.2,12.725
Derrick Favors,C,16.4,0,1.2,-0.9,0.65,-0.68,5.25,7,2,1.5,3.3,-1.5,-3.75,6,20.07
Cristiano FelÃ­cio,C,7.4,0,0.3,-0.18,0.5,-0.64,2.5,2.4,2,1.2,0,-1.5,-0.9,2.2,7.88
Terrance Ferguson,SG,3.7,0,0,0,0,0,0,0.4,0.6,0,0,-0.5,-0.75,0,-0.25
Bruno Fernando,C,9.1,0,0.3,-0.2925,0.3,-0.36,2.5,5.4,1.2,0.6,0.3,-2.5,-1.5,1.8,7.7475
Yogi Ferrell,PG,20,0.75,1.25,-1.35,0,-0.4,3.75,4,5,4.5,1.5,-3.75,-3,9.5,21.75
Dorian Finney-Smith,PF,30.2,0.85,0.7,-0.54,0.3,-0.28,3.75,6.8,2.6,3,1.2,-1.5,-4.05,8.5,21.33
Malachi Flynn,PG,8.2,0.2,0.25,-0.27,0.1,-0.12,0.25,1.2,2.4,0.9,0,-0.75,-1.2,2.2,5.16
Bryn Forbes,SG,17.4,1,0.7,-0.6075,0.25,-0.28,0.5,1.8,1,0.6,0,-1.75,-1.8,9.4,10.8125
Trent Forrest,PG,4.5,0,0,0,0.5,-0.4,0,0,1,1.5,0,0,-1.5,1,2.1
Evan Fournier,SF,28.4,1.1,1.7,-1.44,2.15,-2.16,0.75,4.4,7.2,3,1.2,-5.25,-3.45,17.8,27
De'Aaron Fox,PG,33.2,0.95,3.3,-2.8125,2.25,-2.64,1.75,5.4,13.4,3.6,1.5,-8,-4.05,23.4,38.0475
Tim Frazier,PG,11,0,0.35,-0.45,0,0,0,2.6,4.6,0.9,0,-2.5,-1.95,1.3,4.85
Markelle Fultz,PG,26.9,0.25,2.3,-2.475,1.05,-0.96,1.5,5,10.8,3,0.9,-5.75,-3.45,12.9,25.065
Wenyen Gabriel,PF,3.3,0,0,-0.1575,0,0,0.75,2,0.6,0,0,0,0,0,3.1925
Daniel Gafford,PF,14.6,0,1.1,-0.7425,0.5,-0.64,3.75,3.8,1.4,1.5,3.9,-1.5,-3,5.5,15.5675
Danilo Gallinari,PF,18.4,0.7,0.7,-0.6975,1.65,-1.32,0.75,4.6,2.6,0.3,0.3,-3.25,-2.4,10.3,14.2325
Langston Galloway,SG,11.6,0.5,0.35,-0.315,0.4,-0.32,0.5,2,1.4,0.6,0,-0.75,-0.9,5,8.465
Darius Garland,PG,32.1,0.8,2.35,-2.205,0.7,-0.64,1.25,3.6,11,2.7,0.6,-6.25,-3.45,15.6,26.055
Marc Gasol,C,19.4,0.25,0.35,-0.3375,0.4,-0.4,2,7,3.8,1.2,3.9,-2.25,-3.45,3.8,16.2625
Rudy Gay,PF,22.3,0.8,1.3,-1.26,0.65,-0.72,2.5,8.8,3,2.1,1.5,-3,-2.85,11.4,24.22
Paul George,SF,34,1.9,2.35,-1.9575,1.9,-1.68,1.75,11.2,11,3.6,1.5,-9,-3.45,24.4,43.5125
Taj Gibson,PF,12.3,0.15,0.5,-0.405,0,-0.2,3.75,1,2,0,0.9,-0.75,-3,2.8,6.745
Harry Giles,C,11.4,0.1,0.5,-0.5175,0.25,-0.28,2.75,7.2,1.8,0.9,1.2,-1.75,-2.85,2.9,12.2025
Shai Gilgeous-Alexander,SG,33.8,0.95,3.05,-2.4525,2.4,-2.48,1.75,9.8,13,2.7,2.1,-7.5,-3,22.6,42.9175
Anthony Gill,PF,6.5,0.05,0.1,-0.0675,0.15,-0.16,0.75,3.2,0.6,0.9,0.6,-0.75,-0.45,1,5.9225
Rudy Gobert,C,30,0,2.65,-1.9125,1.45,-2.12,9,19.6,2.8,1.2,8.1,-4.25,-3.3,13.4,46.6175
Brandon Goodwin,PG,12.4,0.3,0.4,-0.4725,0.4,-0.4,0.25,2.2,3.6,1.5,0,-1.25,-1.5,3.9,8.9275
Aaron Gordon,PF,29.1,0.8,1.6,-1.53,1.3,-1.68,4.25,11,8.4,2.1,2.4,-7,-3,13.8,32.44
Eric Gordon,SG,28.9,1.4,1.7,-1.2825,1.75,-1.68,0.75,4.2,4.8,1.8,1.5,-5,-2.1,18.6,26.4375
Devonte' Graham,PG,33.6,1.5,0.75,-0.99,1.2,-1.24,1.5,4.8,11.8,3.3,0,-3.5,-2.4,14.3,31.02
Jerami Grant,SF,36.2,1.25,2.7,-2.52,2.7,-2.48,2.25,9.2,6,2.7,3.6,-4,-4.2,23.7,40.9
Danny Green,SF,28,1.1,0.45,-0.4275,0.2,-0.2,2.5,5.4,3.8,3.3,2.1,-3.25,-2.4,8.7,21.2725
Draymond Green,PF,28.8,0.2,0.75,-0.7875,0.5,-0.56,1.25,9.8,16,4.2,1.5,-7,-4.65,5.1,26.3025
JaMychal Green,PF,21.1,0.95,0.9,-0.8325,0.65,-0.64,4.25,9.2,2,1.8,0.6,-2.75,-3.75,10.5,22.8775
Javonte Green,SG,15.7,0.2,0.7,-0.5175,0.45,-0.56,2.75,3.2,1.2,2.7,0.3,-1.5,-1.35,4.6,12.1725
Jeff Green,PF,26,0.75,0.85,-0.6525,0.6,-0.56,1,6.4,2.6,2.1,0.6,-2.25,-3.15,9.1,17.3875
Josh Green,SG,12.5,0.05,0.45,-0.315,0.2,-0.24,1.75,3.2,1.2,0.6,0.3,-1.5,-1.35,2.5,6.845
Blake Griffin,PF,31.1,0.95,1.1,-1.1025,1.15,-1.28,1,9.8,7.4,2.1,0.3,-4,-3,12.3,26.7175
Kyle Guy,PG,8.5,0.25,0.25,-0.3375,0.3,-0.32,1,2,3,1.2,0,-0.25,-0.9,3.1,9.2925
Rui Hachimura,PF,28.9,0.45,1.9,-1.755,1.45,-1.56,3.25,8.2,4.2,1.5,0.3,-2.75,-3.15,13.3,25.335
Ashton Hagans,PG,2,0,0,0,0,0,0,0,0,0,0,-1.25,0,0,-1.25
Tyrese Haliburton,PG,29.4,1.15,1.1,-0.9225,0.3,-0.28,2.5,5,10.6,3.6,2.1,-3.75,-1.95,12,31.4475
Josh Hall,SF,7.3,0.05,0.2,-0.315,0.2,-0.4,0.25,2.2,2,0,0,-1.5,-1.5,1.7,2.885
R.J. Hampton,PG,6.4,0.1,0.25,-0.27,0.05,-0.04,1.25,2.4,1,0.9,0.3,-1.25,-0.6,1.7,5.79
Tim Hardaway Jr.,SG,31.1,1.6,1.45,-1.2825,1,-1,0.5,6.4,3.4,2.1,0.6,-2.25,-2.4,17.2,27.3175
James Harden,SG,38,1.35,2.3,-1.8,3.3,-2.96,2,12.4,22,3,2.4,-10.5,-3.45,23.9,53.94
James Harden,SG,36.3,1.55,2.2,-1.7775,3.3,-3,1.5,9,20.8,2.7,2.4,-10.75,-2.7,24.8,50.0225
James Harden,SG,39,1.25,2.35,-1.8225,3.25,-2.92,2,14.6,22.6,3.3,2.4,-10.5,-4.05,23.3,55.7575
Maurice Harkless,SF,10.7,0.2,0,-0.045,0,-0.08,0,1.8,1.2,0.6,0.6,-0.5,-1.8,1.3,3.275
Jared Harper,PG,2.5,0,0,-0.1125,0.5,-0.4,0,0,0,0,0,-2.5,0,1,-1.5125
Montrezl Harrell,C,25.2,0,2.75,-1.89,1.2,-1.32,5.75,8,2.2,2.1,2.1,-3.25,-3.3,13.5,27.84
Gary Harris,SG,30.7,0.65,1.2,-0.99,0.6,-0.68,1.75,3.6,3.4,2.7,0.6,-1.75,-2.85,10.1,18.33
Jalen Harris,SG,2,0,0,0,0,0,1.25,0,0,0,0,-1.25,-1.5,0,-1.5
Joe Harris,SF,31.3,1.65,1.1,-0.8775,0.2,-0.28,1.5,5.8,4,1.5,0.6,-2,-3.6,14.8,24.3925
Tobias Harris,PF,34.1,0.9,2.95,-2.43,1.4,-1.28,3.25,12.4,6,2.4,2.7,-5.5,-3.15,20.1,39.74
Shaquille Harrison,SG,3.6,0,0.2,-0.2925,0.2,-0.16,0.25,0.8,1,0.3,0,-1,-0.3,1.2,2.1975
Josh Hart,SF,27.9,0.7,0.75,-0.585,0.65,-0.72,2.75,13.2,4,2.7,0.6,-2,-3.3,8.5,27.245
Isaiah Hartenstein,C,8.9,0,0.75,-0.6975,0.45,-0.64,4,3,1.2,1.2,2.4,-2.25,-3.3,4,10.1125
Jaxson Hayes,C,12.2,0,0.85,-0.6075,0.4,-0.52,3,4.8,1,0.9,1.2,-1.75,-2.7,4.3,10.8725
Killian Hayes,PG,21.1,0.35,0.55,-0.8775,0.05,-0.12,0.25,2,7.2,0.9,0,-6,-3.15,4.6,5.7525
Gordon Hayward,SF,35.4,1.1,3,-2.5425,2,-1.84,2,9.2,7.6,3.3,1.2,-5.25,-2.85,22.6,39.5175
Juan HernangÃ³mez,PF,19.3,0.55,0.65,-0.5625,0.4,-0.48,2.75,8.2,1.2,1.2,0.6,-1,-1.35,6.5,18.6575
Willy HernangÃ³mez,C,15,0,1.2,-0.8775,0.5,-0.72,4.75,6.4,2.4,1.8,1.8,-0.75,-1.35,5.9,21.0525
Tyler Herro,SG,33.8,1,2.25,-1.935,1.05,-1.04,1,11.4,7.8,1.2,0.9,-6.5,-2.4,17,31.725
Buddy Hield,SG,35,1.95,0.7,-0.855,0.75,-0.72,0.75,9.2,6,2.7,1.2,-4.75,-4.2,16.1,28.825
George Hill,PG,26.4,0.8,1.4,-1.0125,0.75,-0.72,1.5,3,6.2,2.7,0.3,-2.25,-1.35,11.8,23.1175
Solomon Hill,PF,19,0.6,0.2,-0.2025,0.15,-0.12,1,4,1.6,1.8,0.9,-1.25,-2.25,4.7,11.1275
Nate Hinton,SG,3.2,0.1,0.15,-0.2925,0.1,-0.12,0,0,0,0.6,0.6,-0.75,-0.3,1.3,1.3875
Aaron Holiday,PG,19.5,0.55,0.75,-0.9225,0.25,-0.28,0.5,2,3.8,1.5,0.3,-2,-2.7,6.8,10.5475
Jrue Holiday,PG,32.5,0.95,2.35,-1.845,0.75,-0.76,3.25,7,10.8,5.7,1.8,-4,-2.55,16.4,39.845
Justin Holiday,SG,31.8,1.15,0.8,-0.63,0.55,-0.56,1.75,6.8,3.2,3.6,0.9,-1.75,-3.6,11.3,23.51
Richaun Holmes,C,30.2,0,2.7,-1.845,0.95,-0.96,6.25,11,3.6,2.1,5.1,-3.5,-6.3,12.9,31.995
Rodney Hood,SF,19.2,0.35,0.7,-0.81,0.05,-0.08,0.5,3.2,2.6,2.1,0.3,-2,-2.1,5,9.81
Al Horford,C,28.1,1.1,1.8,-1.665,0.3,-0.32,2.25,12.4,6.6,3.3,3,-3.5,-2.7,14.4,36.965
Talen Horton-Tucker,SG,17.1,0.25,1.2,-1.0125,0.45,-0.4,1,4.6,3.6,3,1.5,-3.25,-3,7.2,15.1375
Danuel House,SF,28.2,0.75,0.8,-0.72,0.7,-0.72,1.25,6.6,4.4,2.7,1.2,-1.75,-3,9,21.21
Dwight Howard,C,16.8,0.05,1,-0.7875,0.7,-1.12,6.25,10.2,1.4,1.5,2.7,-4.75,-4.65,5.8,18.2925
Markus Howard,SG,3.1,0.15,0.15,-0.135,0,0,0,0.6,0.6,0,0,-0.75,-0.6,1.3,1.315
Kevin Huerter,SG,31.7,1.2,1.25,-1.1925,0.35,-0.36,2,6,7.2,3.6,0.6,-3,-3.6,12.7,26.7475
Elijah Hughes,SF,4.5,0.25,0.15,-0.18,0.25,-0.28,0,1.4,1,0.6,0.6,-1.75,0,2.7,4.74
De'Andre Hunter,SF,32.2,0.85,2.15,-1.5975,1.8,-1.64,2.25,9,4.4,2.7,1.5,-3.5,-3.9,17.2,31.2125
Chandler Hutchison,SF,9.1,0.05,0.3,-0.4725,0.15,-0.12,0.25,5.4,1.2,0.3,0,-1.75,-1.95,1.9,5.2575
Serge Ibaka,C,24.4,0.5,1.85,-1.44,0.65,-0.64,5,9.4,3.4,0.6,3.9,-3.25,-3,11.8,28.77
Andre Iguodala,SF,21.5,0.55,0.25,-0.2025,0.1,-0.2,1.25,6.6,4.6,3.3,1.2,-2.5,-2.1,4.4,17.2475
Joe Ingles,SF,26,1.1,0.75,-0.54,0.5,-0.48,1.25,6,9.2,0.9,0.6,-3.75,-2.7,10.7,23.53
Brandon Ingram,SF,34.9,1.25,2.9,-2.565,2.3,-2.16,1.5,9.8,9.2,1.8,3,-6.25,-2.55,23.7,41.925
Kyrie Irving,PG,35.7,1.4,3.85,-2.97,2.1,-1.76,2,7.6,11.8,3,2.4,-6,-4.65,27.9,46.67
Wesley Iwundu,SF,13.6,0.1,0.3,-0.315,0.25,-0.24,0.75,3.2,1,1.2,0.3,-0.5,-1.8,2.2,6.445
Frank Jackson,PG,5.6,0.2,0.05,-0.2025,0,0,0,1.4,2.2,0.3,0,-1.5,-0.9,1.6,3.1475
Josh Jackson,SG,23.8,0.75,1.5,-1.3275,1.05,-1.24,1.75,6.2,4,3,2.7,-6,-4.2,12.6,20.7825
Justin Jackson,SF,16.9,0.4,0.8,-0.585,0.35,-0.36,0.75,4.4,3,0.9,0,-1.75,-1.8,6.4,12.505
Reggie Jackson,SG,19.6,0.65,0.85,-0.81,0.45,-0.52,0.75,4.8,6,1.8,0.3,-2.5,-2.7,8.3,17.37
Justin James,SF,6.9,0,0.45,-0.36,0.05,-0.4,0.75,1.4,0.8,0.3,0.3,0,-0.15,1.9,5.04
LeBron James,PG,34.7,1.35,3.3,-2.7,2.05,-2.28,1.5,14.6,15.8,3.3,1.5,-9.25,-2.4,25.5,52.27
Isaiah Joe,SG,15.1,0.75,0.25,-0.2475,0.2,-0.16,0.75,2.2,2,0.9,0.9,-1,-2.25,5.7,9.9925
Cameron Johnson,PF,26,1.15,0.85,-0.63,0.5,-0.44,1.75,6,3,2.1,0.9,-2,-1.95,11.3,22.53
James Johnson,PF,18.4,0.3,1,-0.72,0.3,-0.4,1.25,5.2,3.2,2.7,2.4,-2.75,-3.15,6.4,15.73
Keldon Johnson,SF,30.1,0.45,2.1,-1.89,1.45,-1.48,4.5,10.6,4.6,2.4,1.8,-4,-3.6,14.1,31.03
Stanley Johnson,PF,14.8,0.3,0.2,-0.225,0.25,-0.24,1.25,3.8,3,2.7,0.9,-1.75,-2.55,3.2,10.835
Tyler Johnson,SG,9,0.25,0.2,-0.2025,0,0,0.5,1.2,1.8,1.2,0,-1,-0.6,2.3,5.6475
Nikola JokiÄ‡,C,35.9,0.7,4.5,-3.33,2.35,-2.2,7.5,16.6,17.2,4.8,1.8,-8.75,-4.5,26.9,63.57
Damian Jones,C,8.3,0,0.2,-0.225,0.3,-0.4,1.75,2,0,0.3,1.8,-1.5,-3,1.4,2.625
Derrick Jones Jr.,SF,26.9,0.4,1,-0.765,0.55,-0.76,4.75,5.2,1.4,2.7,2.7,-1.75,-3.9,7.3,18.825
Mason Jones,SG,11.3,0.55,0.5,-0.4275,0.35,-0.56,0.5,3.4,2.8,0.9,0,-2.75,-1.65,6.1,9.7125
Tre Jones,PG,3,0.05,0.3,-0.27,0.3,-0.24,1,0,0.2,0,0,-0.5,-0.3,2,2.54
Tyus Jones,PG,24.2,0.45,1.45,-1.215,0.25,-0.28,1.5,4.4,11,3.9,0.6,-2.25,-0.9,8.9,27.805
DeAndre Jordan,C,21.2,0,1.55,-0.9,0.4,-0.6,4,10.8,3.6,0.9,4.2,-4.25,-3.3,7,23.4
Cory Joseph,PG,18.6,0.25,0.8,-0.72,0.4,-0.4,1,3.4,4.6,2.4,0.9,-2.5,-3.15,5.6,12.58
Mfiondu Kabengele,PF,4.1,0.05,0.1,-0.135,0.1,-0.12,0.25,1.2,0.4,0.3,0.3,-0.5,-1.35,1.1,1.695
Frank Kaminsky,C,15.8,0.4,0.95,-0.8775,0.4,-0.52,2.5,6.8,4.4,0.6,1.8,-1.5,-2.55,7.1,19.5025
Enes Kanter,C,24.5,0,2.4,-1.845,0.8,-0.84,10,14,2.4,1.8,2.4,-3,-3.75,11.1,35.465
Luke Kennard,SG,21.6,0.8,0.7,-0.6525,0.2,-0.2,0.5,5,3.4,0.9,0.6,-2.25,-2.4,8,14.5975
Maxi Kleber,PF,24.9,0.85,0.25,-0.2925,0.55,-0.48,2.25,8.6,3,0.9,2.4,-1.75,-3.45,7.1,19.9275
Nathan Knight,PF,5.5,0.2,0.25,-0.315,0.3,-0.32,2.25,1.2,0.2,0.3,1.2,-1.25,-1.35,2.8,5.465
Kevin Knox,SF,18.2,0.65,0.45,-0.5175,0.25,-0.24,1,3.6,1.6,1.2,0.9,-2,-2.4,6.1,10.5925
John Konchar,SG,16.7,0.25,0.6,-0.54,0.4,-0.32,3.25,6.2,3,3.3,1.2,-0.75,-2.1,4.7,19.19
Furkan Korkmaz,SG,19.9,0.75,0.8,-0.72,0.4,-0.36,0.75,4.6,1.4,2.1,0.3,-2.25,-1.8,8.6,14.57
Luke Kornet,PF,4.3,0,0,0,0.35,-0.28,0,2,0.6,0.9,0,-0.75,0,0.7,3.52
Rodions Kurucs,SF-PF,5.3,0.1,0.1,-0.09,0.05,-0.08,0.25,1.6,0.6,0.9,0.6,-1.25,-0.75,1.1,3.13
Rodions Kurucs,PF,3.2,0.1,0,-0.045,0,0,0,1.2,0.8,0,0,0,-0.3,0.6,2.355
Rodions Kurucs,SF,6.6,0.15,0.15,-0.1125,0.05,-0.12,0.25,1.8,0.6,1.5,0.9,-2.25,-1.2,1.4,3.1175
Kyle Kuzma,SF,24.5,0.85,1.2,-1.08,0.25,-0.32,4.25,8.4,2.2,0.9,2.1,-3.25,-2.4,10.3,23.4
Jeremy Lamb,SG,25.3,1,1.05,-0.9225,1.15,-0.96,2.25,6.2,3.6,3,1.8,-2.25,-3.3,12.5,25.1175
Zach LaVine,SG,35.6,1.75,3.2,-2.4525,2.35,-2.2,1.75,9.2,10.6,3.3,1.5,-9.75,-3.9,28.2,43.5475
Jake Layman,SF,15.4,0.3,0.9,-0.6525,0.45,-0.48,0.75,2.4,1,2.7,1.5,-1.25,-1.8,6.3,12.1175
Jalen Lecque,PG,3,0,0.15,-0.225,0.5,-0.4,0.75,2,1.4,0,0,0,0,1.7,5.875
Damion Lee,SG,19,0.75,0.35,-0.225,0.35,-0.32,1.25,6,2.8,1.8,0.3,-0.75,-2.4,6.4,16.305
Saben Lee,PG,8.8,0,0.3,-0.36,0.5,-0.52,0.25,0.6,2,1.5,0.3,-1.5,-1.65,2.3,3.72
Alex Len,C,14.1,0.15,0.9,-0.5175,0.55,-0.72,1.75,5,2.2,1.2,3.3,-3,-2.7,5.7,13.8125
Alex Len,C,10.9,0.2,0.15,-0.135,0.2,-0.36,0,3.2,0.8,0.3,2.7,-2.75,-2.1,2.3,4.505
Alex Len,C,16.2,0.15,1.35,-0.7875,0.75,-0.96,3,6.2,3,1.8,3.6,-3,-3,7.8,19.9025
Kawhi Leonard,SF,34.5,1,3.8,-3.15,2.7,-2.44,2.25,10,10.2,5.4,1.8,-4.75,-2.25,26.5,51.06
Meyers Leonard,C,9.7,0.5,0,0,0.15,-0.28,0,4.6,1.4,0,0,-1.75,-2.55,3.3,5.37
Caris LeVert,SG,27.8,0.9,2.7,-2.565,1.1,-1.12,2,7,12,3.3,1.5,-5.5,-2.55,18.5,37.265
Kira Lewis Jr.,PG,11.5,0.25,0.75,-0.7875,0.5,-0.56,0.25,1.4,3,1.2,0.3,-1,-1.65,5.3,8.9525
Damian Lillard,PG,36,2.05,2.35,-2.07,3.8,-3.2,1,8,14.2,3,0.9,-7.5,-1.95,29.4,49.98
Nassir Little,PF,11.2,0.4,0.45,-0.4275,0.45,-0.4,2.75,2.4,0.4,0.6,1.2,-1.5,-1.35,5,9.9725
Kevon Looney,C,14.7,0.05,0.75,-0.5175,0.2,-0.24,3.75,5.2,3.6,0.9,0.9,-1.75,-2.7,3.7,13.8425
Brook Lopez,C,27.4,0.85,1.1,-0.855,0.6,-0.56,3.75,7.2,1.4,1.5,4.2,-2,-3,10.7,24.885
Robin Lopez,C,18.7,0.1,1.5,-1.0575,0.65,-0.84,5.25,4.4,2,0.6,1.8,-2.5,-3,7.8,16.7025
Kevin Love,PF,23,0.75,0.75,-1.0125,1,-1,2.5,10,5,1.5,0,-3.75,-0.75,9.5,24.4875
Kyle Lowry,PG,34.7,1.4,1.55,-1.35,1.4,-1.28,2,9.2,13.2,3.3,0.6,-7.25,-4.8,17.4,35.37
TimothÃ© Luwawu-Cabarrot,SF,19.3,0.8,0.5,-0.5175,0.25,-0.28,1.5,3.4,2.6,1.8,0.3,-1.75,-2.25,7.2,13.5525
Trey Lyles,PF,12,0.15,0.55,-0.36,0.35,-0.48,1.25,5.4,1,0,0,0,-0.6,3.8,11.06
Thon Maker,C,9.5,0,0.65,-0.45,0.65,-0.56,2.5,2.6,1,0.9,1.5,-1,-1.35,3.8,10.24
ThÃ©o Maledon,PG,22.7,0.7,0.65,-0.675,0.3,-0.36,0.5,4.8,5.8,3,0,-4.5,-3.15,7.5,14.565
Karim ManÃ©,PG,9.3,0.1,0,-0.27,0.35,-0.28,0,3.4,0.4,0,0.6,-1.25,-0.75,1.2,3.5
Terance Mann,SG,12.5,0.1,0.55,-0.5175,0.25,-0.28,2.25,4.2,2,1.5,0.6,-1.5,-1.95,3.4,10.6025
Nico Mannion,PG,6,0.15,0.1,-0.1575,0.1,-0.28,0,2.6,4,0.9,0,-0.75,-1.2,1.5,6.9625
Boban MarjanoviÄ‡,C,7.2,0,0.95,-0.765,0.3,-0.36,3.25,4,0.2,0,0,-0.5,-1.2,4.3,10.175
Lauri Markkanen,PF,30.4,1.45,1.95,-1.35,1.35,-1.28,1.5,11,1.8,1.8,1.2,-4.25,-3.3,19.1,30.97
Naji Marshall,SF,2.7,0,0,-0.0675,0.15,-0.28,0,1.4,0.6,0,0,0,0,0.3,2.1025
Caleb Martin,SF,15.8,0.35,0.75,-0.675,0.3,-0.44,2,4,2.6,2.7,0.9,-1.75,-1.65,5.6,14.685
Cody Martin,SF,9.4,0.1,0.5,-0.3375,0.25,-0.24,1.5,2.8,1.8,1.2,0,-1.25,-0.75,3,8.5725
Kelan Martin,SF,4.2,0.1,0.2,-0.225,0,0,0.25,2,0,0.6,0,-1,-0.6,1.4,2.725
Kenyon Martin Jr.,SF,9.9,0.05,0.65,-0.7425,0.15,-0.28,2.75,3.2,1.2,0.9,2.1,-1.75,-1.95,3.3,9.5775
Frank Mason III,G,19.8,0.25,0.9,-1.08,0.65,-0.72,2,4.6,6,0,0,-3.25,-2.7,6.3,12.95
Garrison Mathews,SG,15.5,0.7,0.25,-0.225,1.05,-0.92,1,2.2,1.2,2.7,0.3,-0.25,-2.25,7.2,12.955
Dakota Mathias,SG,15.4,0.5,0.7,-0.63,0.15,-0.32,0.25,1.6,3.2,0.3,1.2,-0.25,-1.35,6,11.35
Wesley Matthews,SG,20.4,0.7,0.2,-0.18,0.25,-0.24,1,1.6,2.2,1.5,0.9,-0.75,-2.25,5.6,10.53
Tyrese Maxey,SG,17.5,0.3,1.6,-1.395,0.35,-0.32,0.5,3.6,3.6,1.8,0.3,-1.5,-1.95,8.8,15.685
Skylar Mays,SG,2.5,0,0,-0.1575,0.15,-0.12,0.5,0.4,0.4,0,0,0,-0.45,0.3,1.0225
CJ McCollum,SG,33.8,2.4,2.3,-2.025,1.45,-1.4,1.25,6.8,10,3.9,0.9,-2.5,-3.3,26.7,46.475
T.J. McConnell,PG,22.6,0.1,1.1,-0.99,0.05,-0.16,2,5.4,13.2,5.1,0.6,-4.25,-2.1,5.2,25.25
Jaden McDaniels,PF,17.5,0.45,0.55,-0.54,0.1,-0.24,1.75,5.4,2,0.9,2.7,-2,-3.9,5.2,12.37
Jalen McDaniels,SF,9.2,0.1,0.6,-0.4725,0.4,-0.48,0.75,3.6,1.2,0.6,0,-2.25,-2.1,3.9,5.8475
Doug McDermott,PF,25.7,0.75,1.75,-1.2375,0.6,-0.6,2.5,6.4,2.6,0.9,0.3,-2.5,-2.7,12.8,21.5625
Sean McDermott,SF,14,0.15,0.15,-0.1575,0.35,-0.28,1.75,0.6,2,0,0,-2.5,-0.45,2.3,3.9125
JaVale McGee,C,15.6,0.15,1.4,-1.3275,0.65,-0.88,4.25,7.4,2.2,1.5,3.9,-2.75,-3.45,7.7,20.7425
Rodney McGruder,SG,8,0.2,0.4,-0.3375,0.2,-0.16,1,1.6,1.6,0,0.3,-1.25,-0.75,3,5.8025
Alfonzo McKinnie,SF,3.2,0.15,0.2,-0.18,0.1,-0.08,0.75,0.8,0.2,0.3,0,-0.25,-0.3,1.8,3.49
Jordan McLaughlin,PG,17.8,0.25,0.8,-0.855,0.2,-0.2,1.5,3.2,8.8,1.5,0.6,-2.5,-1.2,5,17.095
Ben McLemore,SG,15.2,0.75,0.25,-0.315,0.3,-0.32,0.75,3.6,2.2,1.2,0.3,-2.75,-1.8,6.2,10.365
NicolÃ² Melli,PF,11.3,0.2,0.1,-0.1125,0.15,-0.16,0.5,4.2,1.8,1.5,0.3,-1.25,-1.95,1.9,7.1775
De'Anthony Melton,PG,21.5,0.8,1.2,-1.08,0.2,-0.28,0.75,5.4,6.4,2.7,3,-3.5,-3.15,10,22.44
Sam Merrill,SG,6.1,0.2,0,-0.045,0.1,-0.08,0.75,1.6,2.2,0.3,0,-0.75,-0.45,1.6,5.425
Chimezie Metu,C,6.4,0.05,0.6,-0.5625,0.3,-0.36,2.75,2.4,1,0.9,1.8,-1.25,-1.5,3.3,9.4275
Khris Middleton,SF,32.5,1.25,2.5,-2.025,1.5,-1.32,2,10.4,12.4,3,0.3,-5.75,-3.9,20.7,41.055
Darius Miller,SF,9.6,0.45,0.05,-0.0225,0.2,-0.16,0,2.8,1.6,1.5,0.3,-0.75,-1.2,3.3,8.0675
Patty Mills,PG,25.6,1.3,1.1,-0.945,0.65,-0.56,0.75,3.2,5.4,2.1,0,-2,-2.25,13.4,22.145
Paul Millsap,PF,23.8,0.65,1.25,-0.945,0.85,-0.96,4.25,7.2,3,2.4,1.5,-2.5,-3.3,10.4,23.795
Shake Milton,SG,24.4,0.5,1.95,-1.71,1.6,-1.44,1.25,2.8,6,2.1,0.6,-3.75,-3.3,14,20.6
Donovan Mitchell,SG,33.5,1.8,2.35,-2.34,1.9,-1.84,2.5,6.6,10.2,2.4,1.2,-7.75,-3.15,24,37.87
Adam Mokoka,SG,6.8,0.1,0.35,-0.225,0,0,0.5,1,1.4,0.9,0.6,-0.75,-1.2,1.8,4.475
Malik Monk,SG,20.3,1.05,0.7,-0.7425,0.5,-0.48,1,3.4,3.6,0.9,0.6,-2.75,-1.8,10,15.9775
E'Twaun Moore,SG,17.5,0.15,1.05,-0.9675,0.2,-0.2,1.25,1.8,3.6,3,0.3,-2.75,-2.25,5.4,10.5825
Ja Morant,PG,29.3,0.45,2.85,-2.4975,2.1,-2.12,1.75,3.2,15.4,3.3,0.9,-7.75,-2.55,18.3,33.3325
Juwan Morgan,PF,6,0.15,0.15,-0.09,0,-0.04,0.75,2,0.6,0.9,0,-0.5,-1.5,1.5,3.92
Marcus Morris,PF,24.5,1.05,0.9,-1.0125,0.7,-0.6,1.5,6,1.6,1.8,0.6,-2.25,-2.25,11.4,19.4375
Markieff Morris,PF,15.5,0.4,0.4,-0.2925,0.3,-0.36,1.75,5.8,1.8,0.3,0.9,-1.25,-2.25,4.6,12.0975
Monte Morris,PG,26.4,0.65,1.5,-1.1925,0.65,-0.72,0.75,3.8,7,2.1,0.9,-1.5,-1.2,11.1,23.8375
Mychal Mulder,PG,10.3,0.5,0.15,-0.09,0.15,-0.16,0,2,0.8,0.6,0.6,-0.5,-1.35,4,6.7
Dejounte Murray,PG,30.6,0.5,2.5,-2.3175,0.8,-0.84,1.5,12.8,10,4.8,0.3,-4.5,-3.3,14.7,36.9425
Jamal Murray,PG,34.7,1,2.45,-2.1825,1.25,-1.28,1.75,6.4,8.8,3,0.9,-5,-3.3,18.1,31.8875
Mike Muscala,C,18.6,1,0.6,-0.5175,0.55,-0.48,1.5,5.8,1.8,0.9,0.9,-1.75,-2.1,9.5,17.7025
Sviatoslav Mykhailiuk,SF,14.6,0.65,0.35,-0.2475,0.45,-0.4,0.75,3,2.6,1.8,0.3,-1.5,-1.2,6.2,12.7525
Abdel Nader,SF,17.8,0.5,0.95,-0.8325,0.8,-0.8,0,6,2.4,0.9,0.3,-2.25,-1.95,8.3,14.3175
Larry Nance Jr.,PF,33.4,0.65,1.2,-0.9675,0.3,-0.44,3.5,10.8,6.4,5.7,1.5,-3.75,-3.3,9.3,30.8925
Aaron Nesmith,SF,11.7,0.45,0.15,-0.18,0,0,0.75,2.4,1,0,0.6,-1.75,-2.4,3.3,4.32
Raul Neto,PG,18.2,0.6,1,-0.8775,0.2,-0.24,1.25,3,3.6,3,0.3,-1.75,-1.95,7.9,16.0325
Georges Niang,PF,12.4,0.45,0.4,-0.3375,0.05,-0.04,0.75,3.8,1.2,0.9,0.3,-1.75,-2.1,4.4,8.0225
Zeke Nnaji,PF,3.8,0.25,0.2,-0.1575,0,0,0.75,0.6,0,0,0.3,0,-0.6,2.1,3.4425
Nerlens Noel,C,17.6,0,0.75,-0.585,0.3,-0.36,4,7.4,0.8,2.7,5.7,-2.5,-2.85,3.5,18.855
Jaylen Nowell,SG,17.2,0.75,1.35,-1.17,0.75,-0.68,1.5,2.8,1.4,1.2,0.9,-2,-2.25,11.3,15.85
Frank Ntilikina,PG,10.5,0.65,0.15,-0.2925,0.15,-0.32,0.75,1.6,1.6,2.4,0,-1.25,-2.7,4.5,7.2375
Kendrick Nunn,PG,27.7,0.85,1.8,-1.3725,0.45,-0.44,1.25,5.8,5,3.3,0.6,-5,-2.4,13.2,23.0375
Jusuf NurkiÄ‡,C,23.3,0.15,1.95,-1.71,0.65,-0.92,4.75,11.6,5.6,2.7,2.7,-4.75,-4.2,9.8,28.32
David Nwaba,SF,22.5,0.3,1.35,-1.08,0.5,-0.68,2.5,4,2.2,3,2.1,-1.5,-3,8.2,17.89
Jordan Nwora,SF,8.2,0.4,0.45,-0.4725,0.45,-0.4,0.25,2.8,0,1.2,0.6,-2.5,-1.35,5.1,6.5275
Royce O'Neale,SF,32.3,0.9,0.4,-0.3825,0.35,-0.36,2.5,11.2,4.6,1.8,1.8,-2.5,-4.2,7.9,24.0075
Semi Ojeleye,PF,18.4,0.55,0.35,-0.315,0.35,-0.4,1.75,4.6,1.6,0.6,0,-1,-1.5,5.6,12.185
Jahlil Okafor,C,10,0,1.05,-0.7425,0.05,-0.08,2.75,2.4,0.6,0.6,0.6,-0.75,-1.2,4.3,9.5775
Chuma Okeke,PF,21.1,0.35,0.45,-0.495,0.15,-0.24,3.25,4.4,5,2.7,0.9,-2,-1.35,4.2,17.315
Josh Okogie,SG,21.5,0.2,0.7,-0.6975,0.6,-0.68,2.25,3.6,2.6,2.4,2.1,-2,-3,5.2,13.2725
Onyeka Okongwu,C,10.4,0,0.65,-0.585,0.2,-0.44,2.25,4.2,0.6,0.9,2.7,-1.5,-2.85,3,9.125
Isaac Okoro,SG,33.8,0.4,1.05,-1.0125,0.7,-0.8,2.25,2.8,3.8,3.3,1.2,-3.25,-4.05,8,14.3875
KZ Okpala,PF,12.8,0.25,0.2,-0.2025,0.1,-0.2,0.75,2.4,1,0.6,0.6,-1.5,-2.25,2.5,4.2475
Victor Oladipo,SG,32,1.2,2.3,-2.295,1.35,-1.48,0.5,10,9.2,4.2,1.2,-5.5,-3.6,19.1,36.175
Victor Oladipo,SG,33.3,1.4,2.15,-2.07,1.5,-1.64,0.25,11.2,8.4,5.1,0.6,-5,-3.9,20,37.99
Victor Oladipo,SG,30.9,1.05,2.4,-2.4525,1.25,-1.32,0.75,9,9.8,3.3,1.5,-6,-3.45,18.4,34.2275
Kelly Olynyk,C,26.5,1.2,0.7,-0.495,0.25,-0.28,2.5,9.8,4,2.4,2.4,-3.5,-3.75,10.4,25.625
Miye Oni,SG,7.5,0.2,0,-0.045,0.05,-0.04,1,3,0.6,0.3,0.6,-0.75,-1.5,1.2,4.615
Cedi Osman,SF,26.9,1.05,1.05,-1.1025,0.5,-0.52,1.75,5,5.4,2.7,0.3,-2.75,-3.15,11.4,21.6275
Daniel Oturu,C,4.2,0,0.45,-0.315,0.1,-0.08,1.25,1.8,0.8,0,0.9,-0.5,-0.9,2,5.505
Kelly Oubre Jr.,SF,29,0.8,1.7,-1.5975,1.1,-1.16,3.25,8.8,2.8,3,2.4,-3.5,-3.45,13.8,27.9425
Eric Paschall,PF,17,0.25,1.6,-1.3725,0.85,-0.92,2.25,4.2,2.6,0.6,0.3,-1.5,-2.7,9.6,15.7575
AnÅ¾ejs PaseÄÅ†iks,C,6,0,0,0,0,0,2.5,0,2,0,0,-12.5,-3,0,-11
Patrick Patterson,PF,13.4,0.55,0.25,-0.18,0.2,-0.2,1,2.6,1,1.2,0.3,-2,-2.1,4.8,7.42
Chris Paul,PG,32.4,0.65,2.5,-2.1375,1.5,-1.2,1.5,8,16.2,3.6,0.9,-6,-4.2,16.9,38.2125
Cameron Payne,PG,17.5,0.4,0.85,-0.7425,0.35,-0.28,0.5,4,7.8,1.8,0.6,-3,-3.3,6.6,15.5775
Elfrid Payton,PG,28.4,0.25,2.3,-2.205,0.75,-0.84,3.25,5.2,7.4,1.8,0.6,-5,-3,12.1,22.605
Norvel Pelle,F-C,9.3,0,0.5,-0.5175,0,0,2.5,2.6,0,0,3,-2.5,-4.5,2,3.0825
Reggie Perry,PF,10.5,0.05,0.7,-0.63,0.2,-0.24,3,4.8,1.8,0.3,1.2,-2,-2.85,3.6,9.93
Theo Pinson,SG,2.4,0,0.05,-0.0225,0,0,0,0.2,0,0,0,0,-0.45,0.3,0.0775
Mason Plumlee,C,27.6,0,2,-1.4625,0.95,-1.04,7.5,11.6,6.4,3,2.1,-5.25,-5.25,9.9,30.4475
Jakob Poeltl,C,21.4,0,1.4,-1.0575,0.2,-0.56,7.25,7.6,3.4,1.5,4.2,-2.5,-3.15,6,24.2825
Vincent Poirier,C,4.5,0,0.15,-0.18,0.25,-0.4,1.25,1,0.6,0,1.5,-0.75,-0.45,1,3.97
Aleksej Pokusevski,PF,17.4,0.3,0.4,-0.495,0,0,0.75,6.4,2.4,1.5,3.3,-3.25,-1.35,3.3,13.255
Jordan Poole,SG,9.5,0.45,0.45,-0.3375,0.6,-0.52,0.25,2.2,1.8,0.6,0.3,-1.25,-1.35,5.5,8.6925
Michael Porter Jr.,SF,26.4,1.2,1.55,-1.1925,0.75,-0.76,3.25,10.2,2,3.3,3.3,-2.75,-3.15,14.9,32.5975
Otto Porter,SF,23.3,0.9,1.15,-1.035,0.95,-0.92,3.25,10,4,1.8,0.6,-2.25,-2.4,11.6,27.645
Bobby Portis,C,21.5,0.5,1.85,-1.4625,0.35,-0.44,5,10.8,2.2,2.4,1.2,-2,-2.85,11.1,28.6475
Kristaps PorziÅ†Ä£is,C,29.7,1,2.8,-2.3625,1.25,-1.16,5,12.6,2.8,0.9,4.8,-3,-4.65,19.7,39.6775
Dwight Powell,C,17.2,0.05,0.7,-0.5625,0.95,-1.12,3.25,5.2,2,2.4,1.2,-1.75,-3.9,5,13.4175
Norman Powell,SG,27.7,1.15,1.55,-1.4625,1.5,-1.36,1,4.8,2.8,3.3,0.6,-3.25,-3,16.3,23.9275
Taurean Prince,PF,22.1,0.75,0.7,-0.81,0.9,-0.84,1,6.6,3.4,2.4,2.1,-2.75,-2.85,9.2,19.8
Taurean Prince,PF,18.2,0.55,0.7,-0.6975,1,-0.92,0.5,5.4,1.2,2.1,2.1,-2.25,-2.7,8.1,15.0825
Taurean Prince,PF,25.8,0.95,0.75,-0.9225,0.8,-0.8,1.75,7.6,5.6,2.4,2.4,-3,-3.15,10.3,24.6775
Payton Pritchard,SG,21.1,0.85,0.7,-0.585,0.3,-0.28,1.25,4,4.6,2.1,0.9,-3.25,-2.7,8.4,16.285
Immanuel Quickley,PG,19,0.75,1.15,-1.17,1.3,-1.12,1,3.8,5.4,1.5,1.2,-2.5,-3.3,11.8,19.81
Jahmi'us Ramsey,SG,4,0.15,0.15,-0.0675,0,0,0,2,0.6,0,0.9,-0.75,0,1.3,4.2825
Julius Randle,PF,36.8,0.8,3.1,-2.8125,2.55,-2.52,3.5,19,11.6,2.4,0.6,-8.25,-4.95,22.3,47.3175
Cam Reddish,SF,28.7,0.65,1.25,-1.1925,1.25,-1.2,2,6.6,2.8,3.6,0.6,-3.5,-4.05,11.1,19.9075
J.J. Redick,SG,18.8,0.8,0.4,-0.4725,0.7,-0.56,0.25,2.8,2.2,0.9,0,-1.75,-1.8,7.9,11.3675
Paul Reed,PF,11,0,0.9,-0.855,0,0,3.5,1.2,1.2,0.6,2.4,-2.5,-1.2,3.6,8.845
Naz Reid,C,22.5,0.55,1.95,-1.4625,0.95,-1.04,3.5,7.2,2.4,2.1,3.9,-3.25,-4.95,13,24.8475
Nick Richards,PF,2.9,0,0.2,-0.18,0.3,-0.32,0.75,1,0,0,0,-0.25,-0.75,1.4,2.15
Josh Richardson,SG,32,0.8,1.45,-1.215,1.1,-0.96,2.75,3.8,5,2.7,0.6,-3.5,-4.5,12.9,20.925
Austin Rivers,SG,23,0.75,0.8,-0.6975,0.25,-0.24,0.75,4.4,4.4,1.8,0,-2.75,-2.4,8.1,15.1625
Duncan Robinson,SF,33.1,1.65,0.35,-0.2925,0.7,-0.64,0,7.4,3.4,1.2,0.9,-4,-3.3,12.7,20.0675
Glenn Robinson III,SF,15.6,0.4,0.6,-0.54,0.4,-0.36,0.75,2.6,1.6,0.3,0.6,-0.75,-1.5,5.5,9.6
Jerome Robinson,SG,18.3,0.4,0.55,-0.675,0.65,-0.56,0.5,5.2,3,1.5,0.6,-2.25,-2.7,5.7,11.915
Mitchell Robinson,C,29.2,0,1.9,-1.305,0.4,-0.64,8.75,9.2,1,3.6,4.8,-2,-4.5,8.4,29.605
Isaiah Roby,PF,20.1,0.25,1.45,-1.0575,0.65,-0.72,3.75,6.4,2.6,2.1,2.1,-2.75,-3.45,8.6,19.9225
Rajon Rondo,PG,15.3,0.3,0.4,-0.4725,0.05,-0.04,0.75,4,7.8,1.8,0.3,-3.5,-1.35,3.4,13.4375
Derrick Rose,PG,22.6,0.45,2.15,-2.115,1.4,-1.32,1,3,8.2,3.6,0.9,-4.75,-1.65,14.2,25.065
Derrick Rose,PG,22.8,0.45,2.2,-2.1825,1.4,-1.32,1,3,8.4,3.6,0.9,-4.75,-1.65,14.2,25.2475
Derrick Rose,G,20,1,1.5,-1.35,1,-0.8,0,2,6,3,3,-5,0,14,24.35
Terrence Ross,SG,28.3,0.85,1.7,-1.62,1.2,-1.04,0.75,5.2,3.8,3,1.2,-4.5,-3,14.3,21.84
Terry Rozier,SG,32.7,1.65,1.8,-1.5525,1,-1.04,1.25,6.6,6,3.9,1.2,-3.75,-3,19.2,33.2575
Ricky Rubio,PG,24.2,0.15,0.85,-0.945,0.8,-0.76,0.75,6.2,12.2,4.2,0,-5.5,-3.15,6.1,20.895
D'Angelo Russell,PG,29.2,1.5,2,-2.0025,1.2,-1.28,1.25,4.4,10.2,3.3,1.5,-6.75,-3,19.3,31.6175
Domantas Sabonis,PF,36.1,0.55,3.5,-2.7675,1.9,-2.2,7,17.2,11,2.7,1.5,-8,-5.25,21.1,48.2325
Luka Å amaniÄ‡,PF,2.8,0.25,0,-0.18,0.15,-0.2,0,0,0,0,0,0,0,1.8,1.82
JaKarr Sampson,PF,6.5,0,0.45,-0.405,0.35,-0.36,1.5,3.4,0,0.3,0.9,-0.75,-1.05,2.5,6.835
Dario Å ariÄ‡,PF,18.9,0.7,1.15,-0.9675,0.85,-0.76,1,8.2,2,1.8,0.3,-4,-3,10.6,17.8725
TomÃ¡Å¡ SatoranskÃ½,SG,18.6,0.35,0.6,-0.495,0.4,-0.4,0.75,4.4,9.6,2.1,0.6,-4.25,-1.8,5.2,17.055
Dennis SchrÃ¶der,SG,31.5,0.5,2.1,-1.9125,1.65,-1.6,1.75,6.4,8.8,2.7,0.6,-5.25,-3.9,14.6,26.4375
Mike Scott,PF,19.1,0.55,0.3,-0.225,0.15,-0.16,1.25,4.6,0.2,0.9,0.9,-1,-1.95,4.9,10.415
Collin Sexton,SG,34.7,0.8,3.45,-3.0825,2.1,-2.08,1.5,3.8,8.6,3,0.6,-6.25,-4.2,22.7,30.9375
Landry Shamet,SG,18.2,0.75,0.35,-0.36,0.55,-0.52,0.5,2.6,2.2,1.5,0.3,-2,-1.95,6.9,10.82
Pascal Siakam,PF,35.7,0.6,3.25,-2.79,2,-2.04,5.25,10.8,8.8,3.3,1.8,-5.5,-4.65,20.6,41.42
Chris Silva,PF,8.8,0.1,0.4,-0.2925,0.85,-0.8,3,3.6,2,0.6,0.9,-3.25,-3.45,3.8,7.4575
Ben Simmons,PG,33.1,0,2.7,-2.1375,1.5,-1.92,4,13.4,16,5.1,2.4,-8.5,-4.95,14,41.5925
Anfernee Simons,SG,16.6,1,0.5,-0.54,0.3,-0.32,0.5,4,2.4,0.6,0.6,-1.5,-2.25,8.4,13.69
Deividas Sirvydis,SG,1.3,0,0,0,0,0,0,0,0.6,0,0,0,0,0,0.6
Marcus Smart,PG,32.3,0.8,1.35,-1.305,1.35,-1.44,1,4.8,12.2,5.4,1.5,-4.5,-3.45,13.1,30.805
Dennis Smith Jr.,PG,11,0,0.5,-0.5625,0.65,-0.6,0,2,1.6,2.4,0,-1.25,-1.5,3.3,6.5375
Dennis Smith Jr.,PG,9.3,0,0.35,-0.45,0.85,-0.8,0,1.4,2,3,0,-0.75,-1.95,3,6.65
Dennis Smith Jr.,G,16,0,1,-0.9,0,0,0,4,0,0,0,-2.5,0,4,5.6
Ish Smith,PG,21.1,0.15,1.1,-1.17,0.15,-0.32,1.25,6.2,9.4,2.4,0.6,-2.5,-1.5,5.5,21.26
Jalen Smith,PF,6.9,0.15,0.3,-0.315,0,-0.12,1.75,1.4,0.6,0,0.9,-0.25,-0.6,2,5.815
Tony Snell,SG,12.2,0.55,0.05,-0.135,0,0,1.25,2.4,1.8,0.3,0.6,-1,-1.65,3.4,7.565
Cassius Stanley,SG,2.9,0.05,0.05,-0.135,0.25,-0.24,0.75,0.2,0,0,0.9,-0.25,-1.35,1.1,1.325
Lamar Stevens,PF,13.5,0.05,0.75,-0.72,0.4,-0.48,1,4.2,1.6,1.5,0.9,-1.25,-1.2,3.9,10.65
Isaiah Stewart,C,17.9,0,1.15,-0.9675,0.4,-0.48,6.5,5.4,1.4,1.5,2.7,-1.75,-4.05,5.5,17.3025
Max Strus,SF,14.7,0.8,0.4,-0.2025,0.25,-0.24,0.25,2.2,0.8,0.3,0,-0.5,-1.95,7,9.1075
Edmond Sumner,SG,9.2,0.15,0.6,-0.4725,0.25,-0.32,0.75,2,1,1.5,0.3,-1.75,-1.35,3.9,6.5575
Jae'Sean Tate,SF,26.5,0.3,1.55,-1.1025,0.6,-0.64,4,7,3.2,2.4,2.1,-3,-4.35,9.2,21.2575
Jayson Tatum,SF,35.7,1.45,3.4,-3.1725,1.85,-1.72,1.25,12.6,8.8,3.9,1.5,-6,-2.55,26.3,47.6075
Jeff Teague,PG,17.4,0.35,0.6,-0.9225,0.65,-0.56,0.75,2.8,4.2,3,0.3,-2.5,-1.5,5.7,12.8675
Garrett Temple,SG,26.6,0.75,0.75,-0.675,0.45,-0.44,1.25,4.8,4.2,3.3,1.2,-2.75,-3.6,8.5,17.735
Tyrell Terry,PG,5.1,0,0.25,-0.18,0.05,-0.12,0,1,1,1.5,0,-0.5,-0.3,1,3.7
Daniel Theis,C,23.8,0.5,1.4,-0.945,0.5,-0.6,3.25,7.6,2.8,1.8,3,-2.5,-4.2,9.5,22.105
Brodric Thomas,SG,6,0.15,0.15,-0.0675,0.65,-0.72,0.75,1.6,2,0.9,0.9,-2.5,-1.95,2.5,4.3625
Matt Thomas,SG,6,0.35,0.1,-0.1125,0.15,-0.12,0.25,1,1,0.6,0,-0.75,-0.6,2.7,4.5675
Tristan Thompson,PF,22.5,0,1.4,-1.2825,0.65,-0.84,7.25,11.2,2,0.9,1.2,-2.5,-3.45,6.9,23.4275
Sindarius Thornwell,SG,5.3,0.1,0.1,-0.1575,0,-0.08,0.25,0.4,0.4,1.2,0,-0.25,-0.45,1.1,2.6125
Matisse Thybulle,SG,17.2,0.25,0.3,-0.27,0.15,-0.2,0.75,2,1.4,4.5,2.4,-0.75,-3,3,10.53
Xavier Tillman Sr.,PF,21.5,0.15,1.6,-1.215,0.35,-0.36,3.25,7,3.4,3,2.1,-1.75,-3.75,7.9,21.675
Obi Toppin,PF,11.7,0.25,0.65,-0.5175,0.2,-0.24,0.75,4.4,1,0.6,1.2,-1.5,-1.2,4.6,10.1925
Juan Toscano-Anderson,SG,21.2,0.4,0.9,-0.675,0.15,-0.24,2,8.4,4.2,1.5,2.1,-2.5,-3.3,6.3,19.235
Karl-Anthony Towns,C,32.6,0.8,2.9,-2.475,2.4,-2,9,16.8,8,1.8,6.6,-6.5,-4.2,21.2,54.325
Gary Trent Jr.,SG,29.1,1.55,1,-1.17,0.4,-0.44,1.5,3.2,2.6,2.1,0.6,-1.5,-1.95,14.3,22.19
P.J. Tucker,PF,30,0.5,0.35,-0.36,0.3,-0.28,2.25,7.2,2.8,2.7,1.8,-2.5,-4.5,4.9,15.16
Myles Turner,C,30.9,0.75,1.65,-1.1025,1.1,-1.16,3.25,10.8,2,3.3,10.2,-3.75,-5.4,13.3,34.9375
Jonas ValanÄiÅ«nas,C,27.2,0.2,2.8,-2.16,1.65,-1.68,8.25,15.8,3.8,2.4,2.7,-5.75,-4.95,15.7,38.76
Denzel Valentine,SG,19.1,0.95,0.75,-0.72,0.05,-0.04,0.75,7,3.6,2.4,0.3,-1.5,-1.8,8.6,20.34
Jarred Vanderbilt,PF,19.1,0,1.3,-0.945,0.5,-0.8,4.25,8.4,3.8,3.3,2.1,-2.5,-3.15,6.2,22.455
Fred VanVleet,SG,36.3,1.6,1.75,-1.755,1.65,-1.44,1.75,7,13.2,5.4,2.1,-5,-3.3,19.8,42.755
Devin Vassell,SF,18,0.5,0.5,-0.5625,0.4,-0.36,1.5,5.6,2,3.6,0.9,-1.25,-1.95,5.8,16.6775
Gabe Vincent,PG,17.4,0.55,0.7,-0.6075,0.45,-0.44,0.5,2.2,3.2,1.2,0.3,-2.75,-3.15,7,9.1525
Noah Vonleh,F,2,0,0,0,0,0,0,0,0,0,0,-1.25,-1.5,0,-2.75
Nikola VuÄeviÄ‡,C,33.6,1.3,3.35,-2.9925,1.05,-1.04,5.5,18.8,7,3,1.8,-4.25,-2.7,23.3,54.1175
Dean Wade,PF,8.7,0.25,0.15,-0.1575,0.05,-0.04,0.5,1.8,1,0.9,0.3,-1.25,-1.2,2,4.3025
Moritz Wagner,C,13.7,0.2,0.9,-0.54,0.6,-0.72,1,6.2,1.8,0.9,0.6,-0.75,-4.2,6,11.99
Kemba Walker,PG,27.6,1.25,1.35,-1.71,1.35,-1.2,1.5,6,8.4,3.3,0.6,-4.75,-2.25,15.5,29.34
Lonnie Walker,SG,27.3,0.8,1.2,-1.2825,0.55,-0.56,0.5,5.8,3.4,1.5,1.2,-2.5,-3.15,10.7,18.1575
John Wall,PG,30.6,1.05,2.45,-2.25,1.55,-1.72,1.5,6.6,12.2,2.7,2.1,-8.25,-2.1,19.1,34.93
Brad Wanamaker,PG,16.2,0.2,0.5,-0.54,0.6,-0.52,0.5,3,5.2,2.4,0.3,-2,-2.25,4.3,11.69
T.J. Warren,SF,29.3,0,3.4,-2.475,1,-1,1.25,6,2.6,1.5,0,-2.5,-6,15.5,19.275
P.J. Washington,PF,28.8,0.55,1.5,-1.4175,1,-1.08,4.25,9.8,6,2.7,3.9,-5,-4.05,11.2,29.3525
Yuta Watanabe,SF,12.4,0.35,0.15,-0.2925,0.2,-0.16,2.25,4.8,0.8,1.5,1.8,-1,-1.65,3.1,11.8475
Tremont Waters,PG,10.6,0.2,0.2,-0.405,0.3,-0.32,0.75,1.6,5.8,1.8,0,-4,-1.2,2.5,7.225
Paul Watson,SF,3.2,0.3,0.05,-0.045,0,0,0.25,1.2,0.4,0,0.6,-0.25,-0.75,2,3.755
Quinndary Weatherspoon,SG,3.5,0,0,-0.1125,0.25,-0.2,0,0.6,1.6,0.9,0,-3.25,-0.45,0.5,-0.1625
Russell Westbrook,PG,32.9,0.75,2.85,-2.925,1.8,-2.16,3.75,15,17.8,2.4,1.2,-12.25,-4.35,19.7,43.565
Coby White,PG,33.4,1.25,1.55,-1.575,1,-0.92,1,8.6,10.8,1.2,0.3,-6,-3.6,15.5,29.105
Derrick White,SG,24.2,0.75,1.1,-1.2375,0.4,-0.4,0.5,3,7.6,1.5,3.6,-3,-2.7,9.7,20.8125
Hassan Whiteside,C,14.1,0,1.45,-1.17,0.7,-1.04,3.5,7.2,0.8,0.9,3.6,-2.25,-2.55,7.2,18.34
Andrew Wiggins,PF,32,0.95,2.4,-2.0925,1.15,-1.36,2.5,7.4,4.4,1.8,3.9,-4,-3.75,17.6,30.8975
Grant Williams,PF,19.2,0.5,0.5,-0.4725,0.35,-0.52,2.75,4,1.8,1.2,1.5,-2.5,-4.5,5.9,10.5075
Kenrich Williams,PF,16.6,0.25,0.9,-0.675,0.2,-0.28,3.5,4,2.6,2.1,0.6,-1.75,-2.25,5.6,14.795
Lou Williams,PG,20.8,0.5,1.4,-1.4625,1.2,-1.12,1,3.8,6.6,2.4,0.3,-3.5,-1.5,11,20.6175
Patrick Williams,PF,27.3,0.45,1.45,-1.3275,0.85,-0.88,2.25,7,2,2.4,2.1,-3.75,-3.45,10.3,19.3925
Robert Williams,C,14.9,0,1.3,-0.81,0.35,-0.36,5.5,6.4,1.4,2.7,3.6,-2.75,-2.25,5.9,20.98
Zion Williamson,PF,32.4,0.1,4.5,-3.33,2.65,-3,6.5,8.8,5.8,3,2.1,-6,-4.05,23.8,40.87
D.J. Wilson,PF,9.4,0.4,0.3,-0.315,0.05,-0.08,0.75,3.8,0.6,0.3,0.9,-1,-1.8,3.7,7.605
Dylan Windler,SF,16.6,0.4,0.6,-0.315,0.5,-0.48,1.5,5.6,1.8,2.1,1.5,-3,-1.8,5.6,14.005
Cassius Winston,PG,7.3,0.25,0.1,-0.1125,0.15,-0.12,0,1.4,2,0,0.6,-0.5,-1.05,2.2,4.9175
James Wiseman,C,21,0.25,2.25,-1.9575,0.95,-1.24,3.75,9.2,1.4,1.2,3.9,-4,-4.8,12.2,23.1025
Christian Wood,C,31.2,0.95,3.45,-2.52,1.3,-1.52,4.5,16.8,2.6,2.7,4.5,-4.5,-2.85,22,47.41
Robert Woodard,SF,2.8,0.1,0.4,-0.2925,0,-0.12,1.25,1.6,0,0,0,-0.5,0,2.2,4.6375
Delon Wright,SG,28.5,0.45,1.3,-1.26,1,-1.04,3,6.8,9.6,4.2,1.8,-3,-1.65,9.7,30.9
Thaddeus Young,PF,25.6,0.15,2.45,-1.71,0.35,-0.56,5.5,6.4,8.8,4.2,1.5,-5,-4.2,11.1,28.98
Trae Young,PG,34.8,1.2,2.6,-2.61,4.55,-4.12,2,6.8,19,2.1,0.9,-10.75,-3.15,26.6,45.12
Cody Zeller,C,24.2,0.1,1.9,-1.5525,0.75,-0.84,7,9.8,5.2,2.4,1.5,-2,-3.75,9.5,30.0075
Ivica Zubac,C,19.5,0,1.45,-1.0125,1,-0.92,5.75,8.6,2,1.2,2.7,-2.5,-3.6,7.8,22.4675
